,Name,Age,#days,Lev,Tm,G,PA,AB,R,H,2B,3B,HR,RBI,BB,IBB,SO,HBP,SH,SF,GDP,SB,CS,BA,OBP,SLG,OPS,mlbID,Early OPS,OPS Diff
174,Michael Harris II,22,123,Maj-NL,Atlanta,138,539,505,76,148,33,3,18,57,25,1,101,5,1,3,8,20,4,0.293,0.331,0.477,0.808,671739,0.534,0.274
288,Shohei Ohtani,28,151,Maj-AL,Los Angeles,135,599,497,102,151,26,8,44,95,91,21,143,3,0,3,9,20,6,0.304,0.413,0.654,1.066,660271,0.845,0.22100000000000009
325,Luis Rengifo,26,147,Maj-AL,Los Angeles,126,445,394,55,104,15,4,16,51,41,0,82,6,0,4,3,6,4,0.264,0.339,0.444,0.784,650859,0.569,0.21500000000000008
258,Owen Miller,26,145,Maj-NL,Milwaukee,90,314,291,29,76,17,0,5,27,17,1,61,2,0,4,6,13,2,0.261,0.303,0.371,0.674,680911,0.871,0.19699999999999995
437,Taylor Walls,26,124,Maj-AL,Tampa Bay,99,349,303,50,61,12,2,8,36,44,0,92,1,1,0,1,22,1,0.201,0.305,0.333,0.638,670764,0.833,0.19499999999999995
105,Paul DeJong,29,134,"Maj-AL,Maj-NL","San Francisco,St. Louis,Toronto",112,400,372,41,77,13,0,14,38,21,0,121,5,0,2,10,4,4,0.207,0.258,0.355,0.612,657557,0.806,0.19400000000000006
248,Zach McKinstry,28,124,Maj-AL,Detroit,148,518,464,60,107,21,4,9,35,44,0,113,5,2,3,3,16,6,0.231,0.302,0.351,0.654,656716,0.847,0.19299999999999995
77,Triston Casas,23,140,Maj-AL,Boston,132,502,429,66,113,21,2,24,65,70,2,126,1,0,2,7,0,0,0.263,0.367,0.49,0.856,671213,0.667,0.18899999999999995
303,Geraldo Perdomo,23,123,Maj-NL,Arizona,144,495,407,71,100,20,4,6,47,64,1,86,6,14,4,2,16,4,0.246,0.353,0.359,0.712,672695,0.896,0.18400000000000005
228,Tucupita Marcano,23,192,Maj-NL,Pittsburgh,75,220,202,16,47,12,2,3,18,10,0,35,3,3,2,2,5,2,0.233,0.277,0.356,0.633,672779,0.815,0.18199999999999994
398,Rowdy Tellez,28,123,Maj-NL,Milwaukee,105,351,311,26,67,9,1,13,47,35,2,86,0,0,5,11,0,0,0.215,0.291,0.376,0.667,642133,0.845,0.17799999999999994
331,Anthony Rizzo,33,184,Maj-AL,New York,99,421,373,45,91,14,0,12,41,35,1,97,12,0,1,10,0,3,0.244,0.328,0.378,0.706,519203,0.88,0.17400000000000004
361,Gavin Sheets,27,123,Maj-AL,Chicago,117,344,311,24,63,10,0,10,43,28,2,66,1,0,4,6,1,0,0.203,0.267,0.331,0.599,657757,0.771,0.17200000000000004
91,Willson Contreras,31,134,Maj-NL,St. Louis,125,495,428,55,113,27,0,20,67,51,0,111,13,1,2,12,6,3,0.264,0.358,0.467,0.826,575929,0.654,0.17199999999999993
314,Nick Pratto,24,123,Maj-AL,Kansas City,95,345,306,33,71,16,0,7,35,29,0,138,6,0,4,3,1,1,0.232,0.307,0.353,0.66,668472,0.827,0.16699999999999993
109,El\xc3\xadas D\xc3\xadaz,32,123,Maj-NL,Colorado,141,526,486,48,130,25,1,14,72,34,0,118,2,0,4,12,1,0,0.268,0.316,0.41,0.725,553869,0.891,0.16600000000000004
63,Miguel Cabrera,40,123,Maj-AL,Detroit,98,370,334,21,86,20,0,4,34,31,0,74,2,0,3,11,0,0,0.258,0.322,0.353,0.675,408234,0.511,0.16400000000000003
43,Christian Bethancourt,31,124,Maj-AL,Tampa Bay,104,332,315,49,71,16,0,11,33,13,0,91,0,1,3,6,1,0,0.225,0.254,0.381,0.635,542194,0.797,0.16200000000000003
399,Matt Thaiss,28,141,Maj-AL,Los Angeles,95,307,262,32,56,6,0,9,31,36,1,83,6,0,3,4,2,0,0.214,0.319,0.34,0.659,642136,0.821,0.16199999999999992
161,Randal Grichuk,31,123,"Maj-AL,Maj-NL","Colorado,Los Angeles",118,471,434,65,116,31,2,16,44,29,2,96,6,0,2,11,2,2,0.267,0.321,0.459,0.779,545341,0.937,0.15800000000000003
80,Rodolfo Castro,24,126,Maj-NL,"Philadelphia,Pittsburgh",92,256,227,21,48,7,0,6,24,23,1,74,5,0,1,4,1,4,0.212,0.297,0.322,0.619,666801,0.777,0.15800000000000003
132,Wilmer Flores,31,124,Maj-NL,San Francisco,126,454,405,51,115,22,0,23,60,41,1,63,5,0,3,13,0,0,0.284,0.355,0.509,0.863,527038,0.706,0.15700000000000003
150,Stone Garrett,27,162,Maj-NL,Washington,89,271,234,40,63,17,0,9,40,26,0,82,3,0,5,6,3,1,0.269,0.343,0.457,0.801,656448,0.644,0.15700000000000003
176,Ke\'Bryan Hayes,26,124,Maj-NL,Pittsburgh,124,525,494,65,134,31,7,15,61,28,1,104,0,0,3,11,10,6,0.271,0.309,0.453,0.762,663647,0.607,0.15500000000000003
203,Tony Kemp,31,130,Maj-AL,Oakland,124,419,359,42,75,13,3,5,27,44,0,40,6,7,3,9,15,4,0.209,0.303,0.304,0.607,643393,0.455,0.15199999999999997
276,Josh Naylor,26,123,Maj-AL,Cleveland,121,495,452,52,139,31,0,17,97,33,9,68,3,0,7,11,10,3,0.308,0.354,0.489,0.842,647304,0.692,0.15000000000000002
166,Lourdes Gurriel Jr.,29,123,Maj-NL,Arizona,145,592,551,65,144,35,2,24,82,33,1,103,6,0,2,20,5,0,0.261,0.309,0.463,0.772,666971,0.915,0.14300000000000002
44,Mookie Betts,30,123,Maj-NL,Los Angeles,152,693,584,126,179,40,1,39,107,96,3,107,8,0,5,5,14,3,0.307,0.408,0.579,0.987,605141,0.845,0.14200000000000002
1,Jos\xc3\xa9 Abreu,36,123,Maj-AL,Houston,141,594,540,62,128,23,1,18,90,42,1,130,6,0,6,16,0,1,0.237,0.296,0.383,0.68,547989,0.54,0.14
205,Kevin Kiermaier,33,124,Maj-AL,Toronto,129,408,370,58,98,21,6,8,36,29,0,86,4,1,4,9,14,1,0.265,0.322,0.419,0.741,595281,0.877,0.136
306,Salvador P\xc3\xa9rez,33,123,Maj-AL,Kansas City,140,580,538,59,137,21,0,23,80,19,6,135,13,0,8,11,0,0,0.255,0.292,0.422,0.714,521692,0.849,0.135
370,Will Smith,28,123,Maj-NL,Los Angeles,126,554,464,80,121,21,2,19,76,63,2,89,15,0,12,8,3,0,0.261,0.359,0.438,0.797,669257,0.93,0.133
12,Francisco \xc3\x81lvarez,21,123,Maj-NL,New York,123,423,382,51,80,12,0,25,63,34,0,110,6,0,1,14,2,0,0.209,0.284,0.437,0.721,682626,0.853,0.132
293,Marcell Ozuna,32,123,Maj-NL,Atlanta,144,592,530,84,145,29,1,40,100,57,1,134,3,0,2,9,0,0,0.274,0.346,0.559,0.905,542303,0.773,0.132
22,Randy Arozarena,28,124,Maj-AL,Tampa Bay,151,654,551,95,140,19,3,23,83,80,1,156,18,0,5,10,22,10,0.254,0.364,0.425,0.789,668227,0.921,0.132
204,Max Kepler,30,123,Maj-AL,Minnesota,129,491,438,72,114,22,2,24,66,45,0,106,4,0,4,9,1,1,0.26,0.332,0.484,0.816,596146,0.684,0.1319999999999999
223,Manny Machado,30,125,Maj-NL,San Diego,138,601,543,75,140,21,0,30,91,50,1,109,2,0,6,20,3,2,0.258,0.32,0.462,0.782,592518,0.654,0.128
17,Elvis Andrus,34,123,Maj-AL,Chicago,112,406,374,39,94,20,1,6,44,25,1,71,4,1,2,11,12,4,0.251,0.304,0.358,0.662,462101,0.534,0.128
439,Taylor Ward,29,187,Maj-AL,Los Angeles,97,409,356,60,90,18,0,14,47,39,0,80,8,0,6,9,4,2,0.253,0.335,0.421,0.756,621493,0.636,0.12
449,Bobby Witt Jr.,23,123,Maj-AL,Kansas City,158,694,641,97,177,28,11,30,96,40,1,121,4,1,8,11,49,15,0.276,0.319,0.495,0.813,677951,0.695,0.118
201,Jarred Kelenic,23,123,Maj-AL,Seattle,105,416,372,44,94,25,2,11,49,41,4,132,1,0,2,6,13,5,0.253,0.327,0.419,0.746,672284,0.863,0.11699999999999999
167,Yuli Gurriel,39,123,Maj-NL,Miami,109,330,299,32,74,16,3,4,28,26,3,44,1,0,4,13,4,0,0.248,0.306,0.361,0.667,493329,0.783,0.11599999999999999
414,Trea Turner,30,124,Maj-NL,Philadelphia,155,691,639,102,170,35,5,26,76,45,2,150,6,0,1,12,30,0,0.266,0.32,0.459,0.778,607208,0.662,0.11599999999999999
269,Cedric Mullins,28,123,Maj-AL,Baltimore,116,455,404,51,94,23,3,15,74,43,1,101,1,3,4,6,19,3,0.233,0.305,0.416,0.721,656775,0.835,0.11399999999999999
108,Aledmys D\xc3\xadaz,32,124,Maj-AL,Oakland,109,344,315,25,72,20,1,4,24,17,2,66,7,1,4,14,1,0,0.229,0.28,0.337,0.616,649557,0.502,0.11399999999999999
35,Brett Baty,23,123,Maj-NL,New York,108,389,353,41,75,12,0,9,34,29,0,109,2,1,1,8,2,0,0.213,0.275,0.323,0.598,683146,0.71,0.11199999999999999
158,Nolan Gorman,23,142,Maj-NL,St. Louis,119,464,406,59,96,17,0,27,76,53,1,148,3,0,2,5,7,2,0.237,0.328,0.478,0.805,669357,0.915,0.10999999999999999
101,J.D. Davis,30,128,Maj-NL,San Francisco,144,546,480,61,119,23,1,18,69,52,0,152,6,0,6,16,1,0,0.248,0.325,0.413,0.738,605204,0.846,0.10799999999999998
271,Sean Murphy,28,124,Maj-NL,Atlanta,108,438,370,65,93,21,0,21,68,49,0,98,18,0,1,18,0,0,0.251,0.365,0.478,0.844,669221,0.951,0.10699999999999998
323,Anthony Rendon,33,212,Maj-AL,Los Angeles,43,183,148,23,35,6,0,2,22,25,0,27,6,0,4,6,2,0,0.237,0.361,0.318,0.678,543685,0.784,0.10599999999999998
340,Miguel Rojas,34,125,Maj-NL,Los Angeles,124,423,385,49,91,16,1,5,31,26,0,48,5,2,5,12,8,3,0.236,0.29,0.322,0.612,500743,0.507,0.10499999999999998
103,Bryan De La Cruz,26,123,Maj-NL,Miami,153,626,579,60,149,32,0,19,78,40,0,142,1,0,5,18,4,1,0.257,0.304,0.411,0.715,650559,0.819,0.10399999999999998
39,Brandon Belt,35,123,Maj-AL,Toronto,103,404,339,53,86,23,0,19,43,61,1,141,2,0,2,5,0,0,0.254,0.369,0.49,0.859,474832,0.756,0.10299999999999998
192,Danny Jansen,28,153,Maj-AL,Toronto,86,301,268,38,61,15,0,17,53,23,1,62,10,0,0,3,0,0,0.228,0.312,0.474,0.786,643376,0.686,0.09999999999999998
411,Kyle Tucker,26,123,Maj-AL,Houston,157,674,574,97,163,37,5,29,112,80,9,92,3,0,10,11,30,5,0.284,0.369,0.517,0.886,663656,0.786,0.09999999999999998
145,Joey Gallo,29,149,Maj-AL,Minnesota,111,332,282,39,50,9,1,21,40,48,1,142,2,0,0,3,1,1,0.177,0.301,0.44,0.741,608336,0.841,0.09999999999999998
95,J.P. Crawford,28,123,Maj-AL,Seattle,145,638,534,94,142,35,0,19,65,94,1,125,5,3,2,7,2,0,0.266,0.38,0.438,0.818,641487,0.718,0.09999999999999998
180,Gunnar Henderson,22,123,Maj-AL,Baltimore,150,622,560,100,143,29,9,28,82,56,1,159,3,0,3,10,10,3,0.255,0.325,0.489,0.814,683002,0.715,0.09899999999999998
7,Ozzie Albies,26,123,Maj-NL,Atlanta,148,660,596,96,167,30,5,33,109,46,2,107,8,0,8,9,13,1,0.28,0.336,0.513,0.849,645277,0.75,0.09899999999999998
450,Connor Wong,27,123,Maj-AL,Boston,126,403,371,55,87,25,2,9,36,22,0,134,6,3,1,4,8,2,0.235,0.288,0.385,0.673,657136,0.772,0.09899999999999998
356,Kyle Schwarber,30,123,Maj-NL,Philadelphia,160,720,585,108,115,19,1,47,104,126,5,215,6,0,3,4,0,2,0.197,0.343,0.474,0.817,656941,0.72,0.09699999999999998
221,Josh Lowe,25,123,Maj-AL,Tampa Bay,135,501,466,71,136,33,2,20,83,31,2,124,1,0,3,6,32,3,0.292,0.335,0.5,0.835,666139,0.93,0.09500000000000008
154,Paul Goldschmidt,35,124,Maj-NL,St. Louis,154,687,593,89,159,31,0,25,80,87,6,161,3,0,3,12,11,2,0.268,0.363,0.447,0.81,502671,0.905,0.09499999999999997
364,Jos\xc3\xa9 Siri,27,143,Maj-AL,Tampa Bay,101,364,338,58,75,13,2,25,56,20,0,130,2,1,3,5,12,3,0.222,0.267,0.494,0.761,642350,0.855,0.09399999999999997
89,Michael Conforto,30,123,Maj-NL,San Francisco,125,470,406,58,97,14,0,15,58,53,4,106,7,0,4,12,4,0,0.239,0.334,0.384,0.718,624424,0.811,0.09300000000000008
455,Masataka Yoshida,29,123,Maj-AL,Boston,140,580,537,71,155,33,3,15,72,34,0,81,7,0,2,20,8,0,0.289,0.338,0.445,0.783,807799,0.875,0.09199999999999997
15,Brian Anderson,30,127,Maj-NL,Milwaukee,96,361,318,38,72,12,3,9,40,36,0,108,4,0,3,10,1,3,0.226,0.31,0.368,0.678,605119,0.768,0.08999999999999997
177,Austin Hays,27,125,Maj-AL,Baltimore,144,566,520,76,143,36,2,16,67,38,1,141,3,0,5,11,5,1,0.275,0.325,0.444,0.769,669720,0.859,0.08999999999999997
84,Matt Chapman,30,124,Maj-AL,Toronto,140,581,509,66,122,39,2,17,54,62,1,165,8,0,2,4,4,2,0.24,0.331,0.424,0.755,656305,0.844,0.08899999999999997
290,Matt Olson,29,123,Maj-NL,Atlanta,162,720,608,127,172,27,3,54,139,104,8,167,4,0,4,13,1,0,0.283,0.389,0.604,0.993,621566,0.904,0.08899999999999997
45,Bo Bichette,25,123,Maj-AL,Toronto,135,601,571,69,175,30,3,20,73,27,0,115,2,0,1,14,5,3,0.307,0.339,0.475,0.814,666182,0.902,0.08800000000000008
153,Andr\xc3\xa9s Gim\xc3\xa9nez,24,124,Maj-AL,Cleveland,153,616,557,76,140,27,5,15,62,32,3,112,20,4,3,10,30,6,0.251,0.314,0.399,0.712,665926,0.624,0.08799999999999997
367,Josh H. Smith,25,125,Maj-AL,Texas,90,232,195,29,36,8,1,6,15,25,0,55,9,2,1,3,1,0,0.185,0.304,0.328,0.633,669701,0.721,0.08799999999999997
396,Michael A. Taylor,32,124,Maj-AL,Minnesota,129,388,355,48,78,14,1,21,51,26,0,130,3,3,1,7,13,1,0.22,0.278,0.442,0.72,572191,0.633,0.08699999999999997
120,Ezequiel Duran,24,125,Maj-AL,Texas,122,439,406,55,112,22,2,14,46,23,1,120,7,1,2,7,8,4,0.276,0.324,0.443,0.768,677649,0.855,0.08699999999999997
112,Yandy D\xc3\xadaz,31,124,Maj-AL,Tampa Bay,137,600,525,95,173,35,0,22,78,65,0,94,8,0,2,16,0,1,0.33,0.41,0.522,0.932,650490,1.018,0.08599999999999997
197,Aaron Judge,31,124,Maj-AL,New York,106,458,367,79,98,16,0,37,75,88,9,130,0,0,3,5,3,1,0.267,0.406,0.613,1.019,592450,1.104,0.08500000000000019
53,Alex Bregman,29,123,Maj-AL,Houston,161,724,622,103,163,28,4,25,98,92,1,87,8,0,2,22,3,1,0.262,0.363,0.441,0.804,608324,0.719,0.08500000000000008
200,Josh Jung,25,123,Maj-AL,Texas,122,515,478,75,127,25,1,23,70,30,0,151,5,0,2,7,1,3,0.266,0.315,0.467,0.781,673962,0.865,0.08399999999999996
404,Spencer Torkelson,23,123,Maj-AL,Detroit,159,684,606,88,141,34,1,31,94,67,1,171,6,0,5,15,3,0,0.233,0.313,0.446,0.758,679529,0.676,0.08199999999999996
343,Eddie Rosario,31,123,Maj-NL,Atlanta,142,516,478,64,122,24,3,21,74,34,1,122,1,1,2,13,3,4,0.255,0.305,0.45,0.755,592696,0.674,0.08099999999999996
127,Thairo Estrada,27,123,Maj-NL,San Francisco,120,530,495,63,134,26,2,14,49,22,1,120,11,0,2,10,23,7,0.271,0.315,0.416,0.731,642731,0.811,0.08000000000000007
301,David Peralta,35,123,Maj-NL,Los Angeles,133,422,394,47,102,25,1,7,55,20,1,72,2,0,6,8,4,1,0.259,0.294,0.381,0.675,444482,0.595,0.08000000000000007
451,Kolten Wong,32,123,"Maj-AL,Maj-NL","Los Angeles,Seattle",87,250,224,25,41,6,0,4,27,18,0,53,5,0,3,1,3,2,0.183,0.256,0.263,0.519,543939,0.439,0.08000000000000002
425,Alex Verdugo,27,123,Maj-AL,Boston,142,602,546,81,144,37,5,13,54,45,1,93,6,0,5,11,5,3,0.264,0.324,0.421,0.745,657077,0.825,0.07999999999999996
37,Josh Bell,30,124,"Maj-AL,Maj-NL","Cleveland,Miami",150,617,547,52,135,28,0,22,74,63,2,134,2,0,3,13,0,1,0.247,0.325,0.419,0.744,605137,0.664,0.07999999999999996
26,Akil Baddoo,24,123,Maj-AL,Detroit,112,357,312,40,68,13,1,11,34,42,2,89,0,2,1,4,14,3,0.218,0.31,0.372,0.682,668731,0.762,0.07999999999999996
289,Edward Olivares,27,123,Maj-AL,Kansas City,107,385,354,47,93,23,4,12,36,22,1,64,7,0,2,7,11,5,0.263,0.317,0.452,0.769,658668,0.691,0.07800000000000007
42,Jon Berti,33,123,Maj-NL,Miami,133,424,388,53,114,16,3,7,33,29,2,77,2,2,3,10,16,6,0.294,0.344,0.405,0.748,542932,0.67,0.07799999999999996
372,Donovan Solano,35,123,Maj-AL,Minnesota,134,450,394,43,111,26,1,5,38,40,1,100,15,0,1,8,0,0,0.282,0.369,0.391,0.76,456781,0.682,0.07799999999999996
70,Mark Canha,34,123,Maj-NL,"Milwaukee,New York",139,507,435,51,114,25,1,11,62,49,1,79,17,0,6,11,11,1,0.262,0.355,0.4,0.755,592192,0.678,0.07699999999999996
159,Yasmani Grandal,34,123,Maj-AL,Chicago,118,405,363,33,85,14,0,8,33,36,1,86,4,0,2,11,0,0,0.234,0.309,0.339,0.647,518735,0.723,0.07599999999999996
168,Eric Haase,30,155,Maj-AL,"Cleveland,Detroit",89,293,274,22,55,8,1,4,26,17,1,81,0,1,1,11,4,1,0.201,0.247,0.281,0.528,606992,0.604,0.07599999999999996
281,Ryan Noda,27,123,Maj-AL,Oakland,128,495,406,63,93,22,1,16,54,77,1,170,10,0,2,4,3,1,0.229,0.364,0.406,0.77,676116,0.845,0.07499999999999996
347,Blake Sabol,25,123,Maj-NL,San Francisco,110,344,310,36,73,10,0,13,44,24,0,117,6,2,2,4,4,2,0.236,0.301,0.394,0.695,666165,0.769,0.07400000000000007
454,Christian Yelich,31,123,Maj-NL,Milwaukee,144,632,550,106,153,34,1,19,76,78,7,140,3,0,1,15,28,3,0.278,0.37,0.447,0.818,592885,0.744,0.07399999999999995
336,Julio Rodr\xc3\xadguez,22,123,Maj-AL,Seattle,155,714,654,102,180,37,2,32,103,47,6,175,11,0,2,14,37,10,0.275,0.333,0.485,0.818,677594,0.745,0.07299999999999995
217,Francisco Lindor,29,123,Maj-NL,New York,160,687,602,108,153,33,2,31,98,66,1,137,12,0,7,8,31,4,0.254,0.336,0.47,0.806,596019,0.734,0.07200000000000006
115,Brendan Donovan,26,187,Maj-NL,St. Louis,95,371,327,48,93,10,1,11,34,33,2,53,9,1,1,4,5,1,0.284,0.365,0.422,0.787,680977,0.715,0.07200000000000006
9,Pete Alonso,28,123,Maj-NL,New York,154,658,568,92,123,21,2,46,118,65,6,151,21,0,4,17,4,1,0.217,0.318,0.504,0.821,624413,0.893,0.07200000000000006
420,Miguel Vargas,23,208,Maj-NL,Los Angeles,81,304,256,36,50,15,4,7,32,38,1,61,4,1,4,1,3,2,0.195,0.305,0.367,0.672,678246,0.743,0.07099999999999995
388,Jack Suwinski,24,123,Maj-NL,Pittsburgh,144,534,447,63,100,21,2,26,74,75,2,172,6,0,6,2,13,2,0.224,0.339,0.454,0.793,669261,0.864,0.07099999999999995
394,Leody Taveras,24,123,Maj-AL,Texas,143,554,511,67,136,31,3,14,67,35,0,117,1,3,4,3,14,4,0.266,0.312,0.421,0.733,665750,0.803,0.07000000000000006
328,Austin Riley,26,123,Maj-NL,Atlanta,159,715,636,117,179,32,3,37,97,59,4,172,9,0,11,18,3,1,0.281,0.346,0.516,0.861,663586,0.791,0.06999999999999995
92,Garrett Cooper,32,123,Maj-NL,"Miami,San Diego",123,457,422,42,106,18,1,17,61,31,0,132,2,0,2,15,0,0,0.251,0.304,0.419,0.724,643265,0.655,0.06899999999999995
350,Carlos Santana,37,123,Maj-NL,"Milwaukee,Pittsburgh",146,619,550,78,132,33,1,23,86,65,0,104,0,0,4,11,6,0,0.24,0.318,0.429,0.747,467793,0.678,0.06899999999999995
19,Orlando Arcia,28,123,Maj-NL,Atlanta,139,533,488,66,129,25,0,17,65,39,0,102,3,0,3,14,1,0,0.264,0.321,0.42,0.741,606115,0.809,0.06800000000000006
400,Alek Thomas,23,123,Maj-NL,Arizona,125,402,374,51,86,17,5,9,39,19,1,86,4,2,3,5,9,1,0.23,0.273,0.374,0.647,677950,0.579,0.06800000000000006
429,Daniel Vogelbach,30,132,Maj-NL,New York,104,319,275,33,64,8,0,13,48,42,1,81,2,0,0,6,0,0,0.233,0.339,0.404,0.742,596129,0.674,0.06799999999999995
427,Matt Vierling,26,123,Maj-AL,Detroit,134,530,479,63,125,21,5,10,44,44,1,112,5,1,1,8,6,6,0.261,0.329,0.388,0.717,663837,0.649,0.06799999999999995
337,Jake Rogers,28,123,Maj-AL,Detroit,107,365,331,47,73,11,0,21,49,28,0,118,3,1,2,6,1,1,0.221,0.286,0.444,0.73,668670,0.662,0.06799999999999995
107,Rafael Devers,26,123,Maj-AL,Boston,153,656,580,90,157,34,0,33,100,62,10,126,11,0,3,15,5,1,0.271,0.351,0.5,0.851,646240,0.783,0.06799999999999995
85,Jazz Chisholm Jr.,25,124,Maj-NL,Miami,97,383,352,50,88,12,2,19,51,26,0,118,2,1,2,4,22,3,0.25,0.304,0.457,0.761,665862,0.694,0.06700000000000006
443,Joey Wiemer,24,138,Maj-NL,Milwaukee,132,410,367,48,75,19,0,13,42,36,0,116,5,0,2,4,11,4,0.204,0.283,0.362,0.645,686894,0.578,0.06700000000000006
28,Ji Hwan Bae,23,123,Maj-NL,Pittsburgh,111,371,334,54,77,17,2,2,32,30,0,92,2,3,2,4,24,9,0.231,0.296,0.311,0.608,678225,0.675,0.06700000000000006
220,Brandon Lowe,28,133,Maj-AL,Tampa Bay,109,436,377,58,87,15,1,21,68,50,0,119,6,0,3,8,7,0,0.231,0.328,0.443,0.771,664040,0.704,0.06700000000000006
182,Teoscar Hern\xc3\xa1ndez,30,124,Maj-AL,Seattle,160,678,625,70,161,29,2,26,93,38,2,211,8,0,7,6,7,2,0.258,0.305,0.435,0.741,606192,0.674,0.06699999999999995
170,Garrett Hampson,28,123,Maj-NL,Miami,98,252,221,30,61,12,1,3,23,23,0,67,3,3,2,3,5,0,0.276,0.349,0.38,0.73,641658,0.663,0.06699999999999995
345,Keibert Ruiz,24,123,Maj-NL,Washington,136,562,523,55,136,24,0,18,67,31,1,58,6,0,2,13,1,1,0.26,0.308,0.409,0.717,660688,0.65,0.06699999999999995
358,Jean Segura,33,185,Maj-NL,Miami,85,326,301,25,66,5,2,3,21,22,1,47,2,1,0,12,6,2,0.219,0.277,0.279,0.556,516416,0.49,0.06600000000000006
342,Amed Rosario,27,123,"Maj-AL,Maj-NL","Cleveland,Los Angeles",142,545,510,70,134,25,8,6,58,29,0,99,3,0,3,15,15,2,0.263,0.305,0.378,0.683,642708,0.618,0.06500000000000006
309,Tommy Pham,35,124,Maj-NL,"Arizona,New York",129,481,426,55,109,27,3,16,68,47,1,106,2,0,6,11,22,3,0.256,0.329,0.446,0.775,502054,0.71,0.06500000000000006
270,Max Muncy,32,123,Maj-NL,Los Angeles,135,579,482,95,102,17,1,36,105,85,4,153,6,0,6,8,1,2,0.212,0.333,0.475,0.808,571970,0.873,0.06499999999999995
317,Luke Raley,28,134,Maj-AL,Tampa Bay,118,406,357,56,89,23,3,19,49,28,0,128,18,1,2,2,14,3,0.249,0.333,0.49,0.824,670042,0.887,0.06300000000000006
458,Mike Zunino,32,232,Maj-AL,Cleveland,42,140,124,11,22,7,0,3,11,15,0,61,1,0,0,3,0,0,0.177,0.271,0.307,0.578,572287,0.64,0.062000000000000055
387,Eugenio Su\xc3\xa1rez,31,123,Maj-AL,Seattle,162,694,598,68,139,29,0,22,96,70,0,214,15,0,11,10,2,1,0.232,0.323,0.391,0.714,553993,0.652,0.061999999999999944
189,Jonathan India,26,124,Maj-NL,Cincinnati,119,529,454,78,111,23,0,17,61,52,0,109,16,0,7,13,14,2,0.245,0.338,0.408,0.746,663697,0.807,0.061000000000000054
432,LaMonte Wade Jr.,29,123,Maj-NL,San Francisco,135,519,429,64,110,14,2,17,45,76,3,95,6,4,4,4,2,0,0.256,0.373,0.417,0.79,664774,0.851,0.06099999999999994
357,Corey Seager,29,123,Maj-AL,Texas,119,536,477,88,156,42,0,33,96,49,9,88,4,0,6,9,2,1,0.327,0.39,0.623,1.013,608369,0.952,0.06099999999999994
267,Ryan Mountcastle,26,123,Maj-AL,Baltimore,115,470,423,64,114,21,1,18,68,37,1,107,3,0,7,13,3,1,0.27,0.328,0.452,0.779,663624,0.719,0.06000000000000005
250,Ryan McMahon,28,123,Maj-NL,Colorado,152,627,555,80,133,31,3,23,70,68,2,198,1,0,3,19,5,5,0.24,0.322,0.431,0.753,641857,0.812,0.05900000000000005
54,Will Brennan,25,123,Maj-AL,Cleveland,138,455,432,41,115,24,0,5,41,16,2,57,5,0,2,4,13,5,0.266,0.299,0.357,0.655,686823,0.596,0.05900000000000005
341,Brent Rooker,28,123,Maj-AL,Oakland,137,526,463,61,114,20,1,30,69,49,1,172,10,0,4,11,4,0,0.246,0.329,0.488,0.817,667670,0.876,0.05900000000000005
134,Nick Fortes,26,123,Maj-NL,Miami,108,323,294,33,60,10,0,6,26,17,0,59,7,3,2,12,4,2,0.204,0.263,0.299,0.562,663743,0.62,0.05799999999999994
58,Jake Burger,27,124,"Maj-AL,Maj-NL","Chicago,Miami",141,540,492,71,123,28,1,34,80,32,0,149,12,0,4,4,1,1,0.25,0.309,0.518,0.828,669394,0.885,0.05700000000000005
257,Jake Meyers,27,123,Maj-AL,Houston,112,341,309,42,70,16,1,10,33,26,0,88,5,0,1,2,5,2,0.227,0.296,0.382,0.678,676694,0.735,0.05699999999999994
433,Christian Walker,32,124,Maj-NL,Arizona,157,661,582,86,150,36,2,33,103,62,3,127,8,0,8,13,11,0,0.258,0.333,0.497,0.83,572233,0.773,0.05699999999999994
447,Patrick Wisdom,31,123,Maj-NL,Chicago,97,302,268,43,55,8,1,23,46,30,0,111,2,1,1,4,4,2,0.205,0.289,0.5,0.789,621550,0.845,0.05599999999999994
351,Anthony Santander,28,123,Maj-AL,Baltimore,153,656,591,81,152,41,1,28,95,55,1,152,6,0,4,11,5,1,0.257,0.325,0.472,0.797,623993,0.853,0.05599999999999994
136,Ty France,28,123,Maj-AL,Seattle,158,665,587,79,147,32,0,12,58,43,0,117,34,0,1,25,1,0,0.25,0.337,0.366,0.703,664034,0.758,0.05500000000000005
123,Tommy Edman,28,123,Maj-NL,St. Louis,137,528,479,69,119,25,4,13,47,35,1,84,7,3,4,9,27,4,0.248,0.307,0.399,0.705,669242,0.76,0.05500000000000005
142,TJ Friedl,27,124,Maj-NL,Cincinnati,138,556,488,73,136,22,8,18,66,47,1,90,10,8,3,0,27,6,0.279,0.352,0.467,0.819,670770,0.873,0.05400000000000005
254,MJ Melendez,24,123,Maj-AL,Kansas City,148,602,533,65,125,29,5,16,56,62,2,170,3,0,4,4,6,4,0.235,0.316,0.398,0.713,669004,0.659,0.05399999999999994
369,Pavin Smith,27,143,Maj-NL,Arizona,67,228,191,26,36,5,0,7,30,35,0,45,1,0,0,3,1,1,0.189,0.317,0.325,0.642,656976,0.696,0.05399999999999994
2,Ronald Acuna Jr.,25,123,Maj-NL,Atlanta,159,735,643,149,217,35,4,41,106,80,3,84,9,0,3,15,72,14,0.338,0.416,0.596,1.012,660670,0.959,0.05300000000000005
94,Brandon Crawford,36,123,Maj-NL,San Francisco,93,320,283,31,55,11,1,7,38,28,1,81,4,1,4,5,3,0,0.194,0.273,0.315,0.587,543063,0.64,0.05300000000000005
297,Vinnie Pasquantino,25,237,Maj-AL,Kansas City,61,260,231,24,57,17,0,9,26,25,2,31,2,0,1,7,0,0,0.247,0.324,0.437,0.762,686469,0.815,0.052999999999999936
38,Cody Bellinger,27,124,Maj-NL,Chicago,130,556,499,95,153,29,1,26,97,40,3,87,5,0,12,7,20,6,0.307,0.356,0.525,0.881,641355,0.831,0.050000000000000044
237,Jorge Mateo,28,123,Maj-AL,Baltimore,116,350,318,58,69,14,2,7,34,22,0,82,1,5,3,8,32,5,0.217,0.267,0.34,0.607,622761,0.657,0.050000000000000044
327,Bryan Reynolds,28,124,Maj-NL,Pittsburgh,145,640,574,85,151,31,5,24,84,53,2,138,7,0,6,13,12,1,0.263,0.33,0.46,0.79,668804,0.839,0.04899999999999993
171,Mitch Haniger,32,129,Maj-NL,San Francisco,61,229,211,27,44,13,1,6,28,15,0,65,2,0,1,7,1,0,0.209,0.266,0.365,0.631,571745,0.679,0.04800000000000004
33,Jos\xc3\xa9 Barrero,25,232,Maj-NL,Cincinnati,46,149,133,15,29,8,0,2,17,15,0,44,0,0,1,1,3,2,0.218,0.295,0.323,0.619,676480,0.666,0.04700000000000004
50,Xander Bogaerts,30,123,Maj-NL,San Diego,155,665,596,83,170,31,2,19,58,56,0,110,7,0,6,21,19,2,0.285,0.35,0.44,0.79,593428,0.744,0.04600000000000004
390,Dansby Swanson,29,124,Maj-NL,Chicago,147,638,565,81,138,25,3,22,80,66,0,154,5,0,2,9,9,1,0.244,0.328,0.416,0.744,621020,0.789,0.04500000000000004
195,Connor Joe,30,123,Maj-NL,Pittsburgh,133,472,413,63,102,31,4,11,42,50,0,110,8,0,1,4,3,5,0.247,0.339,0.421,0.76,656582,0.804,0.04400000000000004
90,William Contreras,25,123,Maj-NL,Milwaukee,141,611,540,86,156,38,1,17,78,63,2,126,5,1,2,23,6,1,0.289,0.367,0.457,0.825,661388,0.783,0.041999999999999926
344,Esteury Ruiz,24,123,Maj-AL,Oakland,132,497,449,47,114,24,1,5,47,20,1,99,16,4,1,7,67,13,0.254,0.309,0.345,0.654,665923,0.696,0.041999999999999926
308,Jace Peterson,33,123,"Maj-AL,Maj-NL","Arizona,Oakland",133,430,374,35,79,10,4,6,37,47,2,101,4,2,3,7,15,2,0.211,0.304,0.308,0.611,607054,0.57,0.041000000000000036
51,Alec Bohm,26,123,Maj-NL,Philadelphia,145,611,558,74,153,31,0,20,97,42,1,94,5,0,6,23,4,1,0.274,0.327,0.437,0.765,664761,0.724,0.041000000000000036
3,Willy Adames,27,123,Maj-NL,Milwaukee,149,638,553,73,120,29,2,24,80,71,1,165,6,0,6,12,5,3,0.217,0.31,0.407,0.717,642715,0.676,0.040999999999999925
61,Byron Buxton,29,184,Maj-AL,Minnesota,85,347,304,49,63,17,1,17,42,35,2,109,4,0,4,3,9,0,0.207,0.294,0.438,0.731,621439,0.771,0.040000000000000036
413,Justin Turner,38,123,Maj-AL,Boston,146,626,558,86,154,31,0,23,96,51,0,110,11,0,6,10,4,1,0.276,0.345,0.455,0.8,457759,0.76,0.040000000000000036
57,Kris Bryant,31,123,Maj-NL,Colorado,80,335,300,36,70,10,0,10,31,29,0,68,6,0,0,6,0,0,0.233,0.313,0.367,0.68,592178,0.72,0.039999999999999925
69,Jeimer Candelario,29,123,Maj-NL,"Chicago,Washington",140,576,505,77,127,39,3,22,70,53,1,127,13,0,4,11,8,1,0.252,0.336,0.471,0.807,600869,0.769,0.038000000000000034
266,Gabriel Moreno,23,124,Maj-NL,Arizona,111,380,341,33,97,19,1,7,50,29,0,75,3,0,7,17,6,2,0.285,0.34,0.408,0.747,672515,0.709,0.038000000000000034
135,Jake Fraley,28,127,Maj-NL,Cincinnati,111,380,336,41,86,18,0,15,65,37,2,71,6,0,1,5,21,5,0.256,0.34,0.444,0.783,641584,0.745,0.038000000000000034
163,Robbie Grossman,33,124,Maj-AL,Texas,115,420,353,56,84,23,1,10,49,57,0,98,2,0,8,8,1,0,0.238,0.341,0.394,0.734,543257,0.697,0.03700000000000003
179,Jonah Heim,28,123,Maj-AL,Texas,131,501,457,61,118,28,0,18,95,40,2,96,1,0,3,10,2,0,0.258,0.317,0.438,0.755,641680,0.792,0.03700000000000003
360,Nick Senzel,28,123,Maj-NL,Cincinnati,104,330,301,49,71,10,0,13,42,26,0,74,1,0,2,9,6,2,0.236,0.297,0.399,0.696,669222,0.733,0.03700000000000003
423,Christian V\xc3\xa1zquez,32,123,Maj-AL,Minnesota,102,355,327,34,73,13,0,6,32,25,1,82,1,1,1,11,1,0,0.223,0.28,0.318,0.598,543877,0.561,0.03699999999999992
428,David Villar,26,192,Maj-NL,San Francisco,46,140,124,15,18,6,0,5,12,11,0,45,4,0,1,1,1,1,0.145,0.236,0.315,0.55,681584,0.514,0.03600000000000003
194,Eloy Jim\xc3\xa9nez,26,124,Maj-AL,Chicago,120,489,456,50,124,23,0,18,64,30,2,93,1,0,2,13,0,0,0.272,0.317,0.441,0.758,650391,0.794,0.03600000000000003
64,Oswaldo Cabrera,24,123,Maj-AL,New York,114,330,298,35,63,11,0,5,29,25,1,72,2,3,2,6,8,0,0.211,0.275,0.299,0.574,665828,0.538,0.03599999999999992
374,Edmundo Sosa,27,123,Maj-NL,Philadelphia,104,300,279,34,70,15,2,10,30,8,0,74,9,2,1,10,4,2,0.251,0.293,0.427,0.719,624641,0.683,0.03599999999999992
75,Matt Carpenter,37,144,Maj-NL,San Diego,76,237,188,18,33,12,0,5,31,41,0,67,2,0,5,2,1,0,0.176,0.322,0.319,0.641,572761,0.675,0.03400000000000003
229,Manuel Margot,28,123,Maj-AL,Tampa Bay,99,336,311,39,82,21,1,4,38,18,0,55,4,0,3,6,9,3,0.264,0.31,0.376,0.686,622534,0.653,0.03300000000000003
79,Harold Castro,29,128,Maj-NL,Colorado,99,270,258,24,65,13,0,1,31,9,0,66,0,1,2,5,1,0,0.252,0.275,0.314,0.589,605612,0.622,0.03300000000000003
319,Jos\xc3\xa9 Ram\xc3\xadrez,30,123,Maj-AL,Cleveland,156,691,611,87,172,36,5,24,80,73,22,73,1,0,6,8,28,6,0.282,0.356,0.475,0.831,608070,0.798,0.03299999999999992
164,Vladimir Guerrero Jr.,24,124,Maj-AL,Toronto,156,682,602,78,159,30,0,26,94,67,5,100,9,0,4,23,5,3,0.264,0.345,0.444,0.788,665489,0.821,0.03299999999999992
318,Harold Ram\xc3\xadrez,28,123,Maj-AL,Tampa Bay,122,434,400,58,125,19,2,12,68,22,0,79,6,0,6,7,5,3,0.313,0.353,0.46,0.813,623912,0.845,0.03200000000000003
373,Jorge Soler,31,124,Maj-NL,Miami,137,580,504,77,126,24,0,36,75,66,4,141,6,0,4,20,1,0,0.25,0.341,0.512,0.853,624585,0.885,0.03200000000000003
20,Nolan Arenado,32,133,Maj-NL,St. Louis,144,612,560,71,149,26,2,26,93,41,5,101,3,0,8,21,3,3,0.266,0.315,0.459,0.774,571448,0.742,0.03200000000000003
23,Luis Arr\xc3\xa1ez,26,125,Maj-NL,Miami,147,617,574,71,203,30,3,10,69,35,10,34,4,1,3,18,3,2,0.354,0.393,0.469,0.862,650333,0.894,0.03200000000000003
401,Lane Thomas,27,123,Maj-NL,Washington,156,682,628,101,168,36,3,28,86,36,0,176,11,0,7,5,20,5,0.268,0.315,0.468,0.783,657041,0.815,0.03199999999999992
47,Charlie Blackmon,36,123,Maj-NL,Colorado,96,413,359,57,100,24,5,8,40,39,0,55,11,0,4,6,4,1,0.279,0.363,0.44,0.803,453568,0.835,0.03199999999999992
227,Trey Mancini,31,185,Maj-NL,Chicago,79,263,235,31,55,12,0,4,28,21,1,78,2,0,3,5,0,0,0.234,0.299,0.336,0.635,641820,0.666,0.031000000000000028
128,Stuart Fairchild,27,123,Maj-NL,Cincinnati,97,255,219,34,50,16,2,5,28,25,0,69,6,3,2,2,10,3,0.228,0.321,0.388,0.71,656413,0.741,0.031000000000000028
324,Hunter Renfroe,31,137,"Maj-AL,Maj-NL","Cincinnati,Los Angeles",140,548,498,60,116,31,0,20,60,44,0,125,3,0,3,15,0,0,0.233,0.297,0.416,0.713,592669,0.744,0.031000000000000028
300,Jeremy Pe\xc3\xb1a,25,123,Maj-AL,Houston,150,634,577,81,152,32,3,10,52,43,1,129,9,1,1,11,13,9,0.263,0.324,0.381,0.705,665161,0.735,0.030000000000000027
139,Freddie Freeman,33,123,Maj-NL,Los Angeles,161,730,637,131,211,59,2,29,102,72,12,121,16,0,5,14,23,1,0.331,0.41,0.567,0.976,518692,1.006,0.030000000000000027
234,J.D. Martinez,35,123,Maj-NL,Los Angeles,112,479,432,61,117,27,2,33,103,34,1,149,2,0,9,11,1,0,0.271,0.321,0.572,0.893,502110,0.922,0.029000000000000026
315,Jurickson Profar,30,123,Maj-NL,"Colorado,San Diego",125,521,459,55,111,27,2,9,46,50,0,90,6,0,5,11,1,0,0.242,0.321,0.368,0.689,595777,0.718,0.029000000000000026
138,Adam Frazier,31,123,Maj-AL,Baltimore,141,455,412,59,99,21,2,13,60,32,0,68,4,4,2,4,11,4,0.24,0.3,0.396,0.696,624428,0.725,0.029000000000000026
0,CJ Abrams,22,123,Maj-NL,Washington,151,614,563,83,138,28,6,18,64,32,2,118,13,3,3,7,47,4,0.245,0.3,0.412,0.712,682928,0.683,0.028999999999999915
93,Carlos Correa,28,136,Maj-AL,Minnesota,135,580,514,60,118,29,2,18,65,59,3,131,4,0,3,30,0,0,0.23,0.312,0.399,0.711,621043,0.682,0.028999999999999915
421,Daulton Varsho,26,123,Maj-AL,Toronto,158,581,527,65,116,23,3,20,61,45,0,135,4,1,3,5,16,7,0.22,0.285,0.389,0.674,662139,0.646,0.028000000000000025
206,Ha-Seong Kim,27,123,Maj-NL,San Diego,152,626,538,84,140,23,0,17,60,75,1,124,3,5,5,7,38,9,0.26,0.351,0.398,0.749,673490,0.721,0.028000000000000025
259,Jos\xc3\xa9 Miranda,25,207,Maj-AL,Minnesota,40,152,142,12,30,4,0,3,13,9,0,24,1,0,0,8,0,0,0.211,0.263,0.303,0.566,669304,0.593,0.027000000000000024
172,Ian Happ,28,124,Maj-NL,Chicago,158,691,580,86,144,35,4,21,84,99,2,153,6,0,6,12,14,3,0.248,0.36,0.431,0.791,664023,0.818,0.026999999999999913
211,Steven Kwan,25,123,Maj-AL,Cleveland,158,718,638,93,171,36,7,5,54,70,2,75,3,1,6,9,21,3,0.268,0.34,0.37,0.71,680757,0.683,0.026999999999999913
117,Brandon Drury,30,123,Maj-AL,Los Angeles,125,523,485,61,127,30,3,26,83,25,0,136,8,0,5,14,0,2,0.262,0.306,0.497,0.803,592273,0.777,0.026000000000000023
199,Corey Julks,27,157,Maj-AL,Houston,93,323,298,35,73,14,0,6,33,22,0,75,1,0,2,6,15,3,0.245,0.297,0.352,0.65,667452,0.676,0.026000000000000023
346,Adley Rutschman,25,123,Maj-AL,Baltimore,154,687,588,84,163,31,1,20,80,92,6,101,2,0,5,14,1,2,0.277,0.374,0.435,0.81,668939,0.836,0.025999999999999912
96,C.J. Cron,33,133,"Maj-AL,Maj-NL","Colorado,Los Angeles",71,278,258,38,64,12,0,12,37,17,0,65,1,0,2,13,0,0,0.248,0.295,0.434,0.729,543068,0.704,0.025000000000000022
137,Wander Franco,22,173,Maj-AL,Tampa Bay,112,491,442,65,124,23,6,17,58,42,3,69,3,0,4,18,30,10,0.281,0.344,0.475,0.819,677551,0.844,0.025000000000000022
76,Corbin Carroll,22,124,Maj-NL,Arizona,155,645,565,116,161,30,10,25,76,57,1,125,13,6,4,7,54,5,0.285,0.362,0.506,0.868,682998,0.893,0.025000000000000022
256,Whit Merrifield,34,123,Maj-AL,Toronto,145,592,547,66,149,27,0,11,67,36,2,101,3,0,6,15,26,10,0.272,0.318,0.382,0.7,593160,0.725,0.025000000000000022
181,Enrique Hern\xc3\xa1ndez,31,123,"Maj-AL,Maj-NL","Boston,Los Angeles",140,508,465,57,110,23,0,11,61,34,1,97,3,0,6,17,4,1,0.237,0.289,0.357,0.646,571771,0.671,0.025000000000000022
277,Zach Neto,22,123,Maj-AL,Los Angeles,84,329,289,38,65,17,0,9,34,20,0,77,16,1,3,5,5,1,0.225,0.308,0.377,0.685,687263,0.709,0.02399999999999991
73,Dylan Carlson,24,176,Maj-NL,St. Louis,76,255,219,27,48,8,1,5,27,26,0,49,7,0,3,4,3,0,0.219,0.318,0.333,0.651,666185,0.628,0.02300000000000002
359,Marcus Semien,32,123,Maj-AL,Texas,162,753,670,122,185,40,4,29,100,72,1,110,5,0,5,5,14,3,0.276,0.348,0.478,0.826,543760,0.849,0.02300000000000002
244,Andrew McCutchen,36,150,Maj-NL,Pittsburgh,112,473,390,55,100,19,0,12,43,75,1,100,4,0,4,8,11,3,0.256,0.378,0.397,0.776,457705,0.799,0.02300000000000002
430,Anthony Volpe,22,123,Maj-AL,New York,159,601,541,62,113,23,4,21,60,52,0,167,5,1,2,10,24,5,0.209,0.283,0.383,0.666,683011,0.643,0.02300000000000002
52,Jackie Bradley Jr.,33,239,Maj-AL,Kansas City,43,113,105,10,14,5,0,1,6,5,0,29,2,1,0,3,0,0,0.133,0.188,0.21,0.397,598265,0.42,0.022999999999999965
422,Andrew Vaughn,25,123,Maj-AL,Chicago,152,615,566,67,146,30,2,21,80,36,0,129,11,0,2,15,0,0,0.258,0.314,0.429,0.743,683734,0.765,0.02200000000000002
282,Austin Nola,33,201,Maj-NL,San Diego,52,154,130,9,19,3,0,1,8,18,0,31,2,4,0,5,0,0,0.146,0.26,0.192,0.452,543592,0.43,0.02200000000000002
312,Jorge Polanco,29,125,Maj-AL,Minnesota,80,343,302,38,77,18,0,14,48,36,0,88,2,0,3,2,4,0,0.255,0.335,0.454,0.789,593871,0.811,0.02200000000000002
231,Ketel Marte,29,124,Maj-NL,Arizona,150,650,569,94,157,26,9,25,82,71,2,109,5,0,5,16,8,2,0.276,0.359,0.485,0.844,606466,0.822,0.02200000000000002
97,Jake Cronenworth,29,160,Maj-NL,San Diego,127,522,458,54,105,24,7,10,48,46,2,97,11,1,5,8,6,1,0.229,0.312,0.378,0.689,630105,0.71,0.02100000000000002
384,Bryson Stott,25,123,Maj-NL,Philadelphia,151,640,585,78,164,32,2,15,62,39,1,100,7,1,8,10,31,3,0.28,0.329,0.419,0.747,681082,0.726,0.02100000000000002
207,Isiah Kiner-Falefa,28,123,Maj-AL,New York,113,361,326,39,79,12,1,6,37,28,0,70,3,1,3,12,14,5,0.242,0.306,0.341,0.646,643396,0.667,0.02100000000000002
385,Myles Straw,28,124,Maj-AL,Cleveland,147,518,462,52,110,18,3,1,29,42,0,97,2,6,6,10,20,6,0.238,0.301,0.297,0.597,664702,0.618,0.02100000000000002
66,Willie Calhoun,28,225,Maj-AL,New York,44,149,134,16,32,7,0,5,16,14,1,20,0,0,1,2,0,0,0.239,0.309,0.403,0.712,641432,0.733,0.02100000000000002
389,Seiya Suzuki,28,124,Maj-NL,Chicago,138,583,515,75,147,31,6,20,74,59,3,130,2,0,7,8,6,7,0.285,0.357,0.485,0.842,673548,0.862,0.020000000000000018
279,Kevin Newman,29,170,Maj-NL,Cincinnati,74,253,225,28,57,16,0,3,28,17,0,34,4,2,5,7,8,1,0.253,0.311,0.364,0.675,621028,0.695,0.019999999999999907
445,Jesse Winker,29,192,Maj-NL,Milwaukee,60,197,166,16,33,5,0,1,23,26,0,51,4,0,1,0,0,0,0.199,0.32,0.247,0.567,608385,0.547,0.019999999999999907
155,Yan Gomes,35,124,Maj-NL,Chicago,116,419,382,44,102,20,2,10,63,21,1,81,9,0,7,9,1,0,0.267,0.315,0.408,0.723,543228,0.742,0.019000000000000017
213,Trevor Larnach,26,123,Maj-AL,Minnesota,58,212,183,26,39,7,3,8,40,27,1,72,0,0,2,2,1,1,0.213,0.311,0.415,0.727,663616,0.708,0.019000000000000017
162,Trent Grisham,26,123,Maj-NL,San Diego,153,555,469,67,93,31,1,13,50,75,0,154,5,4,1,7,15,3,0.198,0.315,0.352,0.666,663757,0.685,0.019000000000000017
407,Alan Trejo,27,124,Maj-NL,Colorado,82,227,207,24,48,11,0,4,26,16,0,51,1,1,2,3,5,1,0.232,0.288,0.343,0.631,676701,0.612,0.019000000000000017
121,Jarren Duran,26,165,Maj-AL,Boston,101,362,332,46,98,34,2,8,40,24,1,90,3,0,2,3,24,2,0.295,0.346,0.482,0.828,680776,0.809,0.018999999999999906
78,Nick Castellanos,31,123,Maj-NL,Philadelphia,157,671,626,79,170,37,2,29,106,36,0,185,3,0,6,17,11,2,0.272,0.312,0.476,0.788,592206,0.806,0.018000000000000016
410,Mike Trout,31,163,Maj-AL,Los Angeles,82,362,308,54,81,14,1,18,44,45,2,104,7,0,2,4,2,0,0.263,0.367,0.49,0.858,545361,0.876,0.018000000000000016
380,Spencer Steer,25,124,Maj-NL,Cincinnati,156,665,582,74,158,37,3,23,86,68,0,139,11,0,4,9,15,3,0.272,0.356,0.464,0.82,668715,0.838,0.018000000000000016
406,Ezequiel Tovar,21,123,Maj-NL,Colorado,153,615,581,79,147,37,4,15,73,25,0,166,4,2,3,10,11,5,0.253,0.287,0.408,0.695,678662,0.677,0.017999999999999905
184,Jason Heyward,33,124,Maj-NL,Los Angeles,124,377,334,56,90,23,0,15,40,34,1,64,3,0,3,7,2,2,0.27,0.34,0.473,0.813,518792,0.83,0.017000000000000015
148,Luis Garc\xc3\xada,23,123,Maj-NL,Washington,122,482,447,61,119,18,4,9,50,27,1,60,0,1,7,10,9,4,0.266,0.304,0.385,0.688,671277,0.671,0.016999999999999904
129,Kyle Farmer,32,123,Maj-AL,Minnesota,120,369,336,49,86,14,2,11,46,23,0,86,8,0,2,7,2,4,0.256,0.317,0.408,0.725,571657,0.709,0.016000000000000014
251,Jeff McNeil,31,127,Maj-NL,New York,156,648,585,75,158,25,4,10,55,39,0,65,18,3,3,5,10,0,0.27,0.333,0.378,0.711,643446,0.727,0.016000000000000014
81,Willi Castro,26,123,Maj-AL,Minnesota,124,409,358,60,92,18,5,9,34,34,1,99,12,2,3,5,33,5,0.257,0.339,0.411,0.75,650489,0.766,0.016000000000000014
416,Ram\xc3\xb3n Ur\xc3\xadas,29,123,Maj-AL,Baltimore,116,396,360,45,95,22,3,4,42,27,0,101,8,0,1,10,3,1,0.264,0.328,0.375,0.703,602104,0.718,0.015000000000000013
296,Isaac Paredes,24,123,Maj-AL,Tampa Bay,143,571,492,71,123,24,0,31,98,58,0,104,20,0,1,11,1,0,0.25,0.352,0.488,0.84,670623,0.825,0.015000000000000013
320,J.T. Realmuto,32,124,Maj-NL,Philadelphia,135,540,489,70,123,28,5,20,63,35,3,138,9,0,5,10,16,5,0.252,0.31,0.452,0.762,592663,0.747,0.015000000000000013
214,Ram\xc3\xb3n Laureano,28,123,Maj-AL,"Cleveland,Oakland",105,404,361,46,81,18,4,9,35,33,0,114,9,0,1,9,12,1,0.224,0.305,0.371,0.676,657656,0.661,0.015000000000000013
29,Javier B\xc3\xa1ez,30,123,Maj-AL,Detroit,136,547,510,58,113,18,4,9,59,24,0,125,9,0,3,12,12,0,0.222,0.267,0.326,0.593,595879,0.578,0.015000000000000013
332,Luis Robert Jr.,25,130,Maj-AL,Chicago,145,595,546,90,144,36,1,38,80,30,5,172,12,0,2,10,20,4,0.264,0.315,0.542,0.857,673357,0.842,0.015000000000000013
16,Tim Anderson,30,124,Maj-AL,Chicago,123,524,493,52,121,18,2,1,25,26,0,122,3,0,2,15,13,2,0.245,0.286,0.296,0.582,641313,0.596,0.014000000000000012
417,Gio Urshela,31,231,Maj-AL,Los Angeles,62,228,214,22,64,8,1,2,24,10,0,36,1,0,3,9,3,2,0.299,0.329,0.374,0.703,570482,0.717,0.014000000000000012
283,Lars Nootbaar,25,123,Maj-NL,St. Louis,117,503,426,74,111,23,1,14,46,72,2,99,1,1,3,7,11,1,0.261,0.367,0.418,0.784,663457,0.77,0.014000000000000012
366,Dominic Smith,28,123,Maj-NL,Washington,153,586,527,57,134,21,1,12,46,47,1,91,10,0,2,12,1,1,0.254,0.326,0.366,0.692,642086,0.678,0.013999999999999901
212,Shea Langeliers,25,124,Maj-AL,Oakland,135,490,448,52,92,19,4,22,63,34,2,143,5,1,2,10,3,2,0.205,0.268,0.413,0.681,669127,0.668,0.013000000000000012
235,Michael Massey,25,123,Maj-AL,Kansas City,129,461,428,42,98,18,1,15,55,24,0,99,4,1,4,3,6,2,0.229,0.274,0.381,0.655,686681,0.642,0.013000000000000012
408,Jose Trevino,30,199,Maj-AL,New York,55,168,157,15,33,4,0,4,15,8,0,22,2,1,0,6,0,0,0.21,0.258,0.312,0.57,624431,0.582,0.01200000000000001
98,Nelson Cruz,42,213,Maj-NL,San Diego,49,152,143,9,35,5,1,5,23,6,1,46,2,0,1,2,1,0,0.245,0.283,0.399,0.682,443558,0.67,0.01200000000000001
230,Brandon Marsh,25,123,Maj-NL,Philadelphia,133,472,404,58,112,25,6,12,60,59,2,144,4,1,4,4,10,2,0.277,0.372,0.458,0.829,669016,0.841,0.01200000000000001
395,Chris Taylor,32,123,Maj-NL,Los Angeles,117,384,338,51,80,15,1,15,56,41,2,125,4,0,1,2,16,3,0.237,0.326,0.42,0.746,621035,0.758,0.01200000000000001
173,Bryce Harper,30,124,Maj-NL,Philadelphia,126,546,457,84,134,29,1,21,72,80,8,119,5,0,4,10,11,3,0.293,0.401,0.499,0.9,547180,0.888,0.01200000000000001
146,Adolis Garc\xc3\xada,30,123,Maj-AL,Texas,148,632,555,108,136,29,0,39,107,65,0,175,6,0,6,12,9,1,0.245,0.328,0.508,0.836,666969,0.825,0.01100000000000001
405,Gleyber Torres,26,124,Maj-AL,New York,158,672,596,90,163,28,2,25,68,67,0,98,3,0,6,19,13,6,0.274,0.347,0.453,0.8,650402,0.79,0.010000000000000009
13,Yordan \xc3\x81lvarez,26,123,Maj-AL,Houston,114,496,410,77,120,24,1,31,97,69,5,92,13,0,4,7,0,0,0.293,0.407,0.583,0.99,670541,1.0,0.010000000000000009
233,Starling Marte,34,180,Maj-NL,New York,86,341,315,38,78,7,1,5,28,16,1,69,8,2,0,8,24,4,0.248,0.301,0.324,0.625,516782,0.634,0.009000000000000008
238,Nick Maton,26,167,Maj-AL,Detroit,93,293,249,29,43,9,0,8,32,38,1,73,3,1,2,4,1,2,0.173,0.288,0.305,0.593,665155,0.602,0.009000000000000008
118,Mauricio Dub\xc3\xb3n,28,123,Maj-AL,Houston,132,492,467,76,130,26,3,10,46,19,0,70,3,0,3,10,7,2,0.278,0.309,0.411,0.72,643289,0.711,0.009000000000000008
339,Josh Rojas,29,123,"Maj-AL,Maj-NL","Arizona,Seattle",105,350,314,47,77,17,0,4,40,27,0,81,1,2,4,3,12,0,0.245,0.304,0.338,0.641,668942,0.632,0.009000000000000008
160,Riley Greene,22,153,Maj-AL,Detroit,99,416,378,51,109,19,4,11,37,35,0,114,1,0,2,7,7,0,0.288,0.349,0.447,0.796,682985,0.805,0.009000000000000008
215,DJ LeMahieu,34,123,Maj-AL,New York,136,562,497,55,121,22,3,15,44,60,2,125,3,0,2,14,2,2,0.244,0.327,0.39,0.718,518934,0.709,0.009000000000000008
209,Alejandro Kirk,24,124,Maj-AL,Toronto,123,422,372,34,93,16,0,8,43,42,1,45,6,0,2,21,0,0,0.25,0.334,0.358,0.692,672386,0.7,0.008000000000000007
255,Joey Meneses,31,123,Maj-NL,Washington,154,657,611,71,168,36,1,13,89,38,0,130,5,0,3,15,0,0,0.275,0.321,0.401,0.722,608841,0.714,0.008000000000000007
392,Fernando Tatis Jr.,24,123,Maj-NL,San Diego,141,635,575,91,148,33,1,25,78,53,0,141,3,1,3,17,29,4,0.257,0.322,0.449,0.771,665487,0.763,0.008000000000000007
376,Juan Soto,24,123,Maj-NL,San Diego,162,708,568,97,156,32,1,35,109,132,11,129,2,1,5,18,12,5,0.275,0.41,0.519,0.93,665742,0.938,0.007999999999999896
316,Cal Raleigh,26,123,Maj-AL,Seattle,145,569,513,78,119,23,1,30,75,54,1,158,1,0,1,6,0,0,0.232,0.306,0.456,0.762,663728,0.769,0.007000000000000006
377,George Springer,33,124,Maj-AL,Toronto,154,683,613,87,158,25,1,21,72,60,1,125,5,0,3,20,20,5,0.258,0.328,0.405,0.732,543807,0.725,0.007000000000000006
222,Nathaniel Lowe,27,123,Maj-AL,Texas,161,724,623,89,163,38,3,17,82,93,2,165,5,0,3,22,1,0,0.262,0.361,0.414,0.775,663993,0.782,0.007000000000000006
381,Tyler Stephenson,26,123,Maj-NL,Cincinnati,142,517,465,59,113,20,2,13,56,47,2,135,4,0,1,16,0,1,0.243,0.317,0.379,0.696,663886,0.69,0.006000000000000005
412,Brice Turang,23,123,Maj-NL,Milwaukee,137,448,404,46,88,9,3,6,34,38,1,94,1,3,2,9,26,4,0.218,0.285,0.3,0.585,668930,0.58,0.0050000000000000044
59,Alec Burleson,24,135,Maj-NL,St. Louis,107,347,315,34,77,20,1,8,36,23,0,45,3,1,2,13,3,1,0.244,0.3,0.391,0.691,676475,0.686,0.004999999999999893
40,Andrew Benintendi,28,125,Maj-AL,Chicago,151,621,562,72,147,34,2,5,45,52,5,89,3,1,3,12,13,2,0.262,0.326,0.356,0.682,643217,0.678,0.0040000000000000036
261,Yo\xc3\xa1n Moncada,28,124,Maj-AL,Chicago,92,357,334,39,87,20,1,11,40,20,0,107,2,0,1,6,1,0,0.261,0.305,0.425,0.73,660162,0.732,0.0020000000000000018
333,V\xc3\xadctor Robles,26,226,Maj-NL,Washington,36,126,107,15,32,5,1,0,8,11,0,18,4,4,0,3,8,1,0.299,0.385,0.365,0.75,645302,0.748,0.0020000000000000018
453,Mike Yastrzemski,32,123,Maj-NL,San Francisco,106,381,330,54,77,23,1,15,43,45,3,99,3,2,1,5,2,2,0.233,0.33,0.446,0.775,573262,0.777,0.0020000000000000018
292,James Outman,26,123,Maj-NL,Los Angeles,151,567,483,86,120,16,3,23,70,68,1,181,12,0,4,4,16,3,0.248,0.353,0.437,0.79,681546,0.792,0.0020000000000000018
226,Mart\xc3\xadn Maldonado,36,123,Maj-AL,Houston,116,407,362,33,69,12,0,15,36,30,0,139,3,12,0,10,0,0,0.191,0.258,0.348,0.606,455117,0.608,0.0020000000000000018
67,Alex Call,28,123,Maj-NL,Washington,128,439,375,43,75,14,1,8,38,53,0,78,6,3,2,1,9,8,0.2,0.307,0.307,0.614,669743,0.613,0.0010000000000000009
280,Brandon Nimmo,30,126,Maj-NL,New York,152,682,592,89,162,30,6,24,68,74,0,146,11,1,4,6,3,3,0.274,0.363,0.466,0.829,607043,0.828,0.0010000000000000009
187,Nico Hoerner,26,125,Maj-NL,Chicago,150,688,619,98,175,27,4,9,68,49,0,83,14,1,5,12,43,7,0.283,0.346,0.383,0.729,663538,0.729,0.0
273,Wil Myers,32,254,Maj-NL,Cincinnati,36,141,127,11,24,3,0,3,12,12,0,48,0,1,1,3,2,1,0.189,0.257,0.284,0.541,571976,0.541,0.0
5,Jes\xc3\xbas Aguilar,33,250,Maj-AL,Oakland,36,115,104,8,23,2,0,5,9,8,2,31,1,0,1,3,0,0,0.221,0.281,0.385,0.665,542583,0.665,0.0
